"troco", "naiveRecursivo", "algoritmoPD"
10, 0.00000083, 0.00002644
20, 0.00003946, 0.00000636
40, 0.00946888, 0.00003501
50, 0.00000078, 0.00003262
70, 54.259704995, 0.00001889
80, 1387.118667178, 0.00004312
100, 0.00000096, 0.00004707
200, 36000 , 0.00007406
